{
  "robustness": {
    "lime": 0.05806179002624988,
    "shap": 0.00816535622515921,
    "grad_input": 0.304815635493875,
    "attention_rollout": 0.0034392796075736073,
    "attention_flow": 0.07497702199050121,
    "lrp": 0.3172953202304793
  },
  "contrastivity": {
    "lime": 0.088629516669215,
    "shap": 0.06407223015352727,
    "grad_input": 0.08896604044192574,
    "attention_rollout": 0.004010166202250426,
    "attention_flow": 0.0014394165779827682,
    "lrp": 0.08567678596000335
  },
  "consistency": {
    "lime": "0.0853\u00b10.3114",
    "shap": "0.3912\u00b10.1239",
    "grad_input": "0.6977\u00b10.0903",
    "attention_rollout": "0.8358\u00b10.0703",
    "attention_flow": "0.7900\u00b10.1226",
    "lrp": "0.7047\u00b10.0855"
  }
}