{
  "robustness": {
    "lime": 0.05935501217905666,
    "shap": 0.009605824864299266,
    "grad_input": 0.35522648642851373,
    "attention_rollout": 0.010005438083265525,
    "attention_flow": 0.09719308416554255,
    "lrp": 0.3639206946902809
  },
  "contrastivity": {
    "lime": 0.04283149442071918,
    "shap": 0.0778656620659823,
    "grad_input": 0.012340241316491536,
    "attention_rollout": 0.00024008977361921459,
    "attention_flow": 0.00023216029910450887,
    "lrp": 0.0031998524196667874
  },
  "consistency": {
    "lime": "0.2992\u00b10.3348",
    "shap": "0.3423\u00b10.1548",
    "grad_input": "0.6628\u00b10.1093",
    "attention_rollout": "0.9550\u00b10.0285",
    "attention_flow": "0.7538\u00b10.1246",
    "lrp": "0.6438\u00b10.1139"
  }
}