{
  "robustness": {
    "lime": 0.0773581882609849,
    "shap": 0.009793291319438065,
    "grad_input": 0.2809143731676158,
    "attention_rollout": 0.006058603227318925,
    "attention_flow": 0.09637089236212143,
    "lrp": 0.2906124623086196
  },
  "contrastivity": {
    "lime": 0.04922581897378203,
    "shap": 0.05606475162532972,
    "grad_input": 0.1464090997682222,
    "attention_rollout": 0.00023418783887498788,
    "attention_flow": 0.0002318238920816529,
    "lrp": 0.11700561269313733
  },
  "consistency": {
    "lime": "0.1781\u00b10.3058",
    "shap": "0.4543\u00b10.1425",
    "grad_input": "0.6109\u00b10.1006",
    "attention_rollout": "0.8536\u00b10.0623",
    "attention_flow": "0.7540\u00b10.1284",
    "lrp": "0.6164\u00b10.1003"
  }
}