{
  "robustness": {
    "lime": 0.04612246894564759,
    "shap": 0.00488273695340255,
    "grad_input": 0.29852734298645744,
    "attention_rollout": 0.011683656514153441,
    "attention_flow": 0.09566605370437127,
    "lrp": 0.2852085795673436
  },
  "contrastivity": {
    "lime": 0.04340869554065056,
    "shap": 0.16360658318223342,
    "grad_input": 0.8019234668561322,
    "attention_rollout": 0.00023746905232212246,
    "attention_flow": 0.00022953514741853203,
    "lrp": 0.7213879456991826
  },
  "consistency": {
    "lime": "0.2448\u00b10.3139",
    "shap": "0.4012\u00b10.1244",
    "grad_input": "0.7602\u00b10.0712",
    "attention_rollout": "0.8575\u00b10.0618",
    "attention_flow": "0.7580\u00b10.1290",
    "lrp": "0.7833\u00b10.0566"
  }
}