{
  "robustness": {
    "lime": 0.06214892940542081,
    "shap": 0.011662819078071747,
    "grad_input": 0.45916809158668864,
    "attention_rollout": 0.004838501568270036,
    "attention_flow": 0.07512178724644919,
    "lrp": 0.49669497812554175
  },
  "contrastivity": {
    "lime": 0.04137199973989834,
    "shap": 0.03998628813509129,
    "grad_input": 0.4539893749946741,
    "attention_rollout": 0.0037710790169319442,
    "attention_flow": 0.001436234495861385,
    "lrp": 0.23340563287232247
  },
  "consistency": {
    "lime": "0.0616\u00b10.3434",
    "shap": "0.2671\u00b10.1295",
    "grad_input": "0.6652\u00b10.0956",
    "attention_rollout": "0.8953\u00b10.0527",
    "attention_flow": "0.7843\u00b10.1268",
    "lrp": "0.6657\u00b10.0955"
  }
}